{
  "md5": 0.0030851364135742188,
  "sha1": 0.0006191730499267578,
  "sha256": 0.0006263256072998047,
  "salted_sha256": 0.002493619918823242,
  "bcrypt_10": 11.855480432510376,
  "bcrypt_12": 47.236671447753906,
  "bcrypt_14": 188.87687730789185
}